{"text": "\u751a\u81f3\u51fa\u73b0\u4ea4\u6613\u51e0\u4e4e\u505c\u6ede\u7684\u60c5\u51b5", "segments": [{"id": 0, "seek": 0, "start": 0.0, "end": 4.0, "text": "\u751a\u81f3\u51fa\u73b0\u4ea4\u6613\u51e0\u4e4e\u505c\u6ede\u7684\u60c5\u51b5", "tokens": [50364, 17556, 20844, 7781, 20204, 28455, 31962, 6336, 254, 2930, 236, 36135, 15868, 252, 1546, 46514, 50564], "temperature": 0.0, "avg_logprob": -0.20152107874552408, "compression_ratio": 0.78, "no_speech_prob": 0.054488781839609146}], "language": "Chinese"}