{"text": "\u4f46\u56e0\u70ba\u805a\u96c6\u4e86\u904e\u591a\u516c\u5171\u4e8b\u54e1", "segments": [{"id": 0, "seek": 0, "start": 0.0, "end": 3.6, "text": "\u4f46\u56e0\u70ba\u805a\u96c6\u4e86\u904e\u591a\u516c\u5171\u4e8b\u54e1", "tokens": [50364, 8395, 11471, 8171, 248, 26020, 2289, 8816, 6392, 13545, 15408, 6973, 20992, 50544], "temperature": 0.0, "avg_logprob": -0.3956618309020996, "compression_ratio": 0.7659574468085106, "no_speech_prob": 0.09179516136646271}], "language": "Chinese"}