{"text": "\u4e00\u4e8c\u53bf\u57ce\u5e02\u867d\u7136\u4e5f\u5904\u4e8e\u8c03\u6574\u4e2d", "segments": [{"id": 0, "seek": 0, "start": 0.0, "end": 4.0, "text": "\u4e00\u4e8c\u53bf\u57ce\u5e02\u867d\u7136\u4e5f\u5904\u4e8e\u8c03\u6574\u4e2d", "tokens": [50364, 2257, 11217, 5014, 123, 45277, 27261, 12026, 121, 5823, 6404, 1787, 226, 37732, 8897, 225, 27662, 5975, 50564], "temperature": 0.0, "avg_logprob": -0.312693190574646, "compression_ratio": 0.78, "no_speech_prob": 0.10591543465852737}], "language": "Chinese"}