{"text": " When is a lobster not a lobster? When it is a crayfish.", "segments": [{"id": 0, "seek": 0, "start": 0.0, "end": 3.64, "text": " When is a lobster not a lobster? When it is a crayfish.", "tokens": [50364, 1133, 307, 257, 33198, 406, 257, 33198, 30, 1133, 309, 307, 257, 33073, 11608, 13, 50546], "temperature": 0.0, "avg_logprob": -0.24641646279229057, "compression_ratio": 1.1702127659574468, "no_speech_prob": 0.010094549506902695}], "language": "English"}