{"text": " Lobsters and Lobsters.", "segments": [{"id": 0, "seek": 0, "start": 0.0, "end": 2.0, "text": " Lobsters and Lobsters.", "tokens": [50364, 30719, 10130, 293, 30719, 10130, 13, 50464], "temperature": 0.0, "avg_logprob": -0.4250364038679335, "compression_ratio": 0.9166666666666666, "no_speech_prob": 0.09630163013935089}], "language": "English"}