{"text": " This question and answer might well go into the primer of information for those who come to San Francisco from the east, for what is called a lobster in San Francisco is not a lobster at all, but a crayfish.", "segments": [{"id": 0, "seek": 0, "start": 0.0, "end": 6.0, "text": " This question and answer might well go into the primer of information for those who come to San Francisco from the east,", "tokens": [50364, 639, 1168, 293, 1867, 1062, 731, 352, 666, 264, 12595, 295, 1589, 337, 729, 567, 808, 281, 5271, 12279, 490, 264, 10648, 11, 50664], "temperature": 0.0, "avg_logprob": -0.13020222527640207, "compression_ratio": 1.4785714285714286, "no_speech_prob": 0.01632307469844818}, {"id": 1, "seek": 0, "start": 6.0, "end": 11.0, "text": " for what is called a lobster in San Francisco is not a lobster at all, but a crayfish.", "tokens": [50664, 337, 437, 307, 1219, 257, 33198, 294, 5271, 12279, 307, 406, 257, 33198, 412, 439, 11, 457, 257, 33073, 11608, 13, 50914], "temperature": 0.0, "avg_logprob": -0.13020222527640207, "compression_ratio": 1.4785714285714286, "no_speech_prob": 0.01632307469844818}], "language": "English"}